avaliacao;texto
1,0 de 5 estrelas;"
O livro chegou bastante 'entortado'
"
5,0 de 5 estrelas;"
O livro de Dale Carnegie é um clássico da auto-ajuda e por isso tive receio ao comprá-lo, pois imaginava uma pilha de clichês que me seriam pouco úteis. Percebi que não é apenas um livro para vender melhor, embora possa ser lido assim. Não é um livro para tímidos desabrocharem, embora possa ser lido assim. Foi surpreendente perceber que, para além da auto-ajuda, há um método e um interesse genuíno no auxílio à melhora das interações sociais.
"
5,0 de 5 estrelas;"
Confesso que sempre tenho um preconceito com livros com títulos similares, mas se tivesse lido esse livro 10 anos atrás eu teria me poupado de um duro aprendizado cheio de pancadas. O livro é fornece uma análise interessante das relações humanas, tem muitos exemplos e continua bastante relevante, não tem como não se tornar melhor depois de ler.
"
5,0 de 5 estrelas;"
Já tinha lido outro livro do Dale Carnegie antes, ""Como Falar em Público e Influenciar Pessoas no Mundo dos Negócios"". É um livro leve, com muitos exemplos reais e histórias interessantes, o que me fez criar a expectativa de que ""Como Fazer Amigos e Influenciar Pessoas"" seria parecido. E nesses aspectos, é bem parecido mesmo.Sinto humildade na escrita do autor, mesmo nos momentos quando ele se vangloria do seu método ser eficiente, o que prova que ele realmente se tornou alguém que sabe passar suas ideias da melhor forma possível. Basicamente, esse livro trata de como melhorar sua comunicação, e te faz enxergar de maneira implícita, que dialogar com alguém também é uma questão de estratégia.Os temas de alguns capítulos às vezes convergem e fica difícil perceber alguma distinção entre eles, porém isso não atrapalha muito, pois a leitura é divertida e os exemplos variam.Sei que, no fim das contas, esse é um livro tão consagrado que essa minha resenha não vai fazer diferença alguma se você vai comprá-lo ou não, mas de todo modo, recomendo demais a leitura!
"
5,0 de 5 estrelas;"
Clássico atemporal publicado pela primeira vez em 1937, um dos livros mais lidos do mundo, Dale Carnegie propõe 30 princípios fundamentais para:- lidar com as pessoas;- conquistar novas amizades;- influenciar pessoas a pensarem do seu modo;- como ser um líder.Apresentando técnicas e estratégias fundamentais.Este livro é indicado para qualquer pessoa que pode ser usado tanto na vida profissional como na vida pessoal. Um dos melhores livros de desenvolvimento pessoal.
"
1,0 de 5 estrelas;"
O livro atribui boas estratégias, mas identifiquei que os vários exemplos que o autor oferece para você visualizar a situação não passam de uma forma de ocupar páginas. Em algumas partes, você encontra mais de três histórias extensas apenas para entender como você deve trocar um jeito de falar por outro.Estou tendo que ler o livro pulando conteúdo e sublinhando a parte que ele comenta do assunto prático. Acredito que existam vários outros livros bem mais curtos que atribuem o mesmo conteúdo de uma forma muito mais direta do que esse.Em compensação, o livro veio novo e em ótima qualidade de impressão.
"
3,0 de 5 estrelas;"
Tem algumas lições interessantes. Mas virou um livro datado que vem perdendo força. Poderia ser enxugado em um podcast de 20 minutos.
"
5,0 de 5 estrelas;"
Vi uma uma recomendação do Buffet, que disse que esse livro mudou sua vida. Vale a leitura. Já li pela segunda vez. Vou aplicar para o resto da vida.
"
5,0 de 5 estrelas;"
O livro chegou em ótimo estado ( como era de se esperar), foi entregue muito antes do prazo previsto. Se tratando da leitura: Comecei a ler em PDF, mas preferi comprar, como estudante da área de administração o livro vai ser riquíssimo, ajuda também para toda a vida. Recomendo a compra.
"
5,0 de 5 estrelas;"
O conteúdo desse livro nos gera uma reavaliação comportamental e uma mudança de mentalidade. Somo criados de uma forma e costumamos agir pelos nossos próprios interesses ao invés de levarmos em conta os interesses do próximo. Todos os relatos citados no livro são de grande importância para uma melhora nas relações interpessoais e um grande aprendizado. O começo é mais surpreendente e em alguns momentos o livro parece se repetir, mas isso não tira a eficácia que o conteúdo nos traz.
"
5,0 de 5 estrelas;"
Eu tinha um preconceito gigante por auto-ajuda, sentia que quem escrevia eram gurus que não tinham capacidade de escrever uma obra de respeito. Em suma, eu achava que era enrolação. Entretanto esse livro me fez olhar o desenvolvimento pessoal como algo incrível, pois o método de obter sucesso com as pessoas foi mostrado como algo totalmente diferente do que eu esperava. A única parte que me arrependo foi demorar tanto para lê-lo.
"
3,0 de 5 estrelas;"
Sei lá, não peguei o hype, você pode traduzir todo o livro em uma simples frase: aja decentemente com as pessoas.Não foi uma leitura ruim, mas longe de ter sido isso tudo que dizem.
"
5,0 de 5 estrelas;"
Esta obra é conhecida por muitos e bem falada por quase todos. E não é atoa: com exemplos e histórias simples e bem explicadas, os princípios presentes no livro são fáceis de serem entendidos, e imediatamente aplicáveis, tanto na vida profissional, quanto na vida pessoal. Algumas dicas rápidas são dadas ao longo do livro, que tornam a leitura mais dinâmica e divertida, todos os princípios ensinados são bem destacados e não ficam dúvidas em relação à cada capítulo, se sobrou dúvidas, talvez seja interessante reler alguns trechos. Creio que será um livro revisitado ao longo dos tempos por mim, por se tratar de uma leitura fácil, conseguirei consultar dicas, técnicas e princípios de relações pessoais sem grandes dificuldades. Sem dúvidas recomendo à todos, ao final da leitura você estará entendendo muito mais sobre empatia e fraternidade, tornando-se um ótimo amigo, vendedor, ou o que quer que seja, se fizer o uso dos ensinamentos feitos no livro. Nota 10.
"
3,0 de 5 estrelas;"
O cerne edo conteudo é bom, mas a redacao é extramente prolixa, repetitiva. Dava para enxugar tudo em metade do texto. Muita repeticao, famosa ""enchecao de linguaca"". Leitura ruim.
"
4,0 de 5 estrelas;"
Fiquei entusiasmado ao poder ter a oportunidade de ler esse livro, pelo tanto em que via em que as pessoas o elogiavam. Mas não sei se criei uma expectativa além do que o livro acabou por oferecer e acabei não achando lá essas coisas. Não gostei muito pelo fato de não ter nenhuma evidência científica do que o autor sustenta nessa obra, sendo somente um conhecimento empírico do conteúdo passado. Li livros como ""O poder do hábito"" e nesse sim; há uma argumentação com embasamento científico em vários periódicos, o que, pra mim, um leitor que gosta de fontes, se torna extraordinário. No mais, o livro bom mas deixa a desejar nesse aspecto. O livro parece mais um manual com vários trechos retirados de conversas feitas com empresários etc e como esses sujeitos melhoram o seu ofício com os ensinamentos do autor. Coisas clichês como: Em vez de criticar, elogie; aprenda a ouvir mais o outro; evitar criticar e faça um elogio etc... coisas tão básicas e simplórios que no meu ver, uma pessoa adulta jovem através de suas experiências coletivas já consegue perceber isso e não precisa ler um livro para compreender. Por fim, comprei, li e não me arrependo. Mas no meu ponto de vista deixa a desejar
"
5,0 de 5 estrelas;"
Que livro meus caros leitores.Esse com toda e maior certeza se tornou meu livro de cabeceira, boa escrita, ótimo conteúdo, leitura obrigatória para todo e qualquer tipo de leitor. Edição linda, simples mas, ao mesmo tempo esplêndida, o famoso menos é mais.O livro veio com uma pequena falha na capa, mas nada que seja necessário a troca.Amazon nunca decepciona quando o assunto é entrega rápida.Nada a reclamar, só enaltecer e indicar essa leitura maravilhosa!!
"
4,0 de 5 estrelas;"
Já havia lido esse livro antes, mas sem ter feito os devidos destaques. Agora  que li após ter feito os devidos destaques posso ter maior facilidade para realizar consultas futuras, pois na minha opinião esse é um livro que vale as consultas no futuro. Apesar do título ser um pouco apelativo, as situações e ideias apresentadas ao decorrer do livro são ótimas para compreendermos mais um pouco sobre o comportamento humano e como nos relacionarmos melhor com as pessoas a nossa volta. Em resumo, a aplicação das ideias apresentadas nesse livro pode trazer uma melhoria de vida significativa para aqueles que buscam maneiras de se relacionarem melhor para com os outros, inclusive no campo dos negócios.
"
5,0 de 5 estrelas;"
Recomendável, o autor trouxe uma série de recomendações aplicáveis no dia a dia que te darão uma facilidade nas interações sociais, como todo livro desta área só pela aplicação destes princípios se poderá obter os resultados desejados.
"
5,0 de 5 estrelas;"
Este livro é uma leitura obrigatória. Resumidamente: você pode ter muito estudo e ser um mestre em muitas áreas da vida, mas se não souber lidar com pessoas será facilmente ""desbancado"" por alguém que tenha 1/3 do seu estudo, mas que sabe lidar com as pessoas.Obs. todo gestor deveria ler este livro. Pois infelizmente na maior parte das empresas há gestores que sabem de tudo, menos lidar com pessoas.
"
1,0 de 5 estrelas;"




                    A mídia não pôde ser carregada.
                



 O livro veio com defeitos nas páginas 193, 194,195 e 196. Com isso impossibilitando de ler as páginas mencionadas.Estão rasgadas, grudadas e com marca de tinta de impressão.
"
3,0 de 5 estrelas;"
Apesar do livro ter sido escrito anos, décadas atrás.  O livro, ainda, pode ser utilizado para os tempos modernos, além de ter várias situações como exemplo para melhor entender e praticar no dia a dia. São coisas básicas,mas, que fazem muita diferença
"
5,0 de 5 estrelas;"
Livro incrível, se quiser melhorar sua relação no geral com as pessoas, pode comprar que é sucesso!!
"
5,0 de 5 estrelas;"
O livro é extremamente empolgante e revigorante.Terminei a leitura com certa facilidade mesmo levando em consideração as recomendações de leitura dos capítulos ""duas vezes"".Tipo de leitura: Fácil, empolgante.Velocidade da leitura: Moderada, rápida.Tenho a sensação que já adoto algumas das atitudes e inspirações do livro. 😉
"
5,0 de 5 estrelas;"
Leitura de fácil compreensão e compreensão muitos exemplos que me deixou muito reflexiva. Vou adotar e também aplicar com leitura de cabeceira para manter vivo os ensinamentos.Acredito que esta leitura me deu algo diferente, algo que a muito não prestava atenção por esta no piloto automático.Já estou seguindo no insta e gratidão ao Jonatas que me indicou esta leitura.
"
5,0 de 5 estrelas;"
O título não me parecia muito estimulante, mas como foi bem recomendado resolvi arriscar. Gostei bastante. Muitos e variados exemplos de situações em que podemos refletir, pensar, agir inteligentemente, se tornar mais empáticos e um pouco melhor no processo de aperfeiçoamento nas relações humanas. Recomendo para todos que buscam essa lapidação e melhora pessoal e profissional.
"
5,0 de 5 estrelas;"
Se você tem mais de 30 anos e nunca leu esse livro, você está terrivelmente atrasado.Aliás, a leitura obrigatória desse livro na adolescência pouparia nossa sociedade de um milhão de problemas.Dale Carnegie é um clássico atemporal.
"
5,0 de 5 estrelas;"
Este livro é atualíssimo, e mostra o valor do relacionamento das pessoas no dia dia e na ascensão profissional. Numa época em que tudo é judicializado, as pessoas com opiniões diferentes não se respeitam, e se esquece da Tolerância, Indulgência, Paciência, e muitos mais, a EDUCAÇÂO e respeito pela outra pessoa. Os leitores vão descobrir como a gentileza e a atenção podem MUDAR a VIDA das pessoas. Excelente leitura.
"
5,0 de 5 estrelas;"
Sem dúvidas um dos melhores livros que já li na vida. A leitura é tão fluida e compreensível, que você não se cansa de ler. Terminei em 4 dias, o conteúdo faz você querer mudar para sempre a forma de conversar com as pessoas, é tão rico em ensinamentos, que já terei que lê-lo novamente várias vezes até conseguir absorver tudo.
"
5,0 de 5 estrelas;"
Bom, o livro é intitulado como uma auto-ajuda clássica. Porém, o conhecimento que o conteúdo dele trás, é sem dúvida de um poder inestimável. De forma prática, com muitos exemplos do dia-a-dia, Carnegie nos ensina a envolver as pessoas na sua fala, e isso no mercado é uma arma fantástica, eu diria até perigosa, caso seja utilizada com más intenções. Mas como fiz o ditado: uma faca pode ser usada pra alimentar, mas também para ferir, depende da intenção, de quem a possui.
"
5,0 de 5 estrelas;"
O que mais gosto aqui são as histórias, você entende como funciona esse método incrível do Carnegie, é extremamente prático e não tem nada de mirabolante e impossível. Como eu disse, é um clássico que perdura gerações, leia.
"
5,0 de 5 estrelas;"
Antes de tudo quero elogiar o ótimo serviço de entrega, os livros chegaram em perfeito estado. quanto ao livro Como fazer amigos e influenciar pessoas, recomendo muito! Se levado na prática o conhecimento deste livro, pode virar um divisor de águas na sua vida.
"
1,0 de 5 estrelas;"
Dicas piegas, desimportantes. Linguagem cafona. Exemplos chatos, longos, puxa saco de políticos democratas (Deus no céu, Roosevelt na Terra, ECATI). Perdi meu tempo!Não recomendo
"
5,0 de 5 estrelas;"
Comprei o livro alguns meses atrás.Posso dizer que o livro é realmente muito bom e fácil ler, o autor traz uma linguagem bem simples de acompanhar.Ao longo do livro, muitas historias são contatas para exemplificar a mensagem que o autor deseja passar, fica meio repetitivo no final, mas mesmo assim vale muito a pena ler.
"
5,0 de 5 estrelas;"
Algumas coisas que ele ensina no livro eu admito que já fazia pois faz parte da minha personalidade. Sempre fui do tipo que mais ouve e se interessa pelas histórias dos outros do que conta as próprias histórias.O mais legal é que de todas as dicas que ele passa, ele exemplifica seus ensinamentos com história reais suas ou de seus alunos.Não sei como tem gente que não gostou desse livro. Eu comprei por que sei que preciso melhorar meu relacionamento interpessoal, ainda mais agora que entrei na area de vendas.
"
5,0 de 5 estrelas;"




                    A mídia não pôde ser carregada.
                



 Entrega chegou super rápido, porque sou assinante prime, claro rsrsrs, o livro veio bem embalado, sobre seu conteúdo ainda não li, mais acredito que vou ter bastante aprendizado, então super recomendo 😁🤙.
"
3,0 de 5 estrelas;"
Livro com ensinamentos muito básicos e intuitivos. O lado bom é que se encontra cheio de exemplos práticos que ajudam na memorização e facilita na aplicação do método. Além disso, os exemplos datados e a estrutura repetitiva acabam tornando o livro um pouco cansativo.Recomendo, mas como um livro de introdução ao tema.
"
5,0 de 5 estrelas;"
Dale carnegie nos faz enteder como lidar com com as coisa mais complicada no nosso dia-a-dia que são as pessoas kkk, abrir mão dos nossa ignorâncias e do nosso egocentrismo, ver as coisas de um modo mais altruísta, ver as coisas não somente do nosso ponto de vista.Gostei muito desse livro, apareceu em momento q tava precisando dele kkk.
"
5,0 de 5 estrelas;"
Li o livro pela necessidade que senti de me relacionar melhor com os pacientes que lido no dia a dia e fiquei feliz com o resultado. O livro possui estratégias bem definidas de acordo com o objetivo do mesmo. Confesso que algumas histórias são longas e difíceis de acreditar mas isso tem mais a ver com a personalidade do autor. No final das contas, atendeu minha necessidade e superou as expectativas.
"
5,0 de 5 estrelas;"
Sempre ouvi falar desse livro mas tinha preconceito devido ao nome. Sempre pensei que fosse o tipo de auto ajuda barata. No entanto, fiquei surpreso ao ver que ele é feito de exemplos reais e mostra como podemos influenciar pessoas se preocupando genuinamente com o que é importante para elas.
"
5,0 de 5 estrelas;"
Todos (e acredito que você seja inteligente, astuto e com objetivos) que desejarem alcançar os seus objetivos deveriam ler este livro, pois acredito que você vá concordar comigo que precisamos de outras pessoas ao longo de nossa caminhada e precisaremos que façam coisas para nós e este livro nos mostra como convencer as pessoas a fazerem o que precisamos sem impormos de forma rude a nossa opinião.
"
5,0 de 5 estrelas;"




                    A mídia não pôde ser carregada.
                



 Produto excelente! Além de entregarem muito antes do prazo estimado, chegou em ótimo estado. O conteúdo do livro também é ótimo e inspirador.  O autor conseguiu sintetizar de uma maneira simples, inteligente e com exemplos práticos conceitos que eu já vinha ponderando há um tempo. Planejo adaptar os princípios propostos por Dale Carnegie ao meu estilo de vida.
"
5,0 de 5 estrelas;"
Livro com uma leitura gostosa, com histórias de exemplos práticos de situações onde Dale Carnegie aborda como lidar com qualquer tipo de pessoas e situações. Me ajudou enxergar áreas que estava com dificuldades e ainda entender o porquê de ter dado algumas coisas certas ou erradas na minha vida. Recomendo demais esse livro e pretendo reler novamente em breve.
"
3,0 de 5 estrelas;"
Comprei por indicação, mas parece o óbvio. Típico livro de auto ajuda.
"
1,0 de 5 estrelas;"
O livro é repleto de exemplos que muitas vezes não são aplicaveis em experiências do dia a dia, pelo valor espera exemplos mais práticos e objetivos!
"
5,0 de 5 estrelas;"
O livro é muito bom. As lições apresentadas são ótimas, tenho certeza que após a leitura o indivíduo já não será mais o mesmo. Apliquei muita coisa e mudanças estão acontecendo. Se estiver em dúvida (comprar ou não comprar?) recomendo que compre. Garanto que em pelo menos um aspecto a tua vida vai ser transformada.
"
5,0 de 5 estrelas;"
Simplesmente um dos melhores livros que já li, sem papinho de motivação, direto ao assunto, conteúdo que se aplicado da certo. Trabalho com atendimento e apliquei várias técnicas apresentadas no livro, deu muito certo.
"
2,0 de 5 estrelas;"
Livro chegou amassado
"
3,0 de 5 estrelas;"
Eu não curti muito, mas opinião cada um tem a sua, portanto leiam e tiram o que for de bom pra vocês.Eu achei muita enrolação. São muitos exemplos que não precisavam de tantos assim
"
5,0 de 5 estrelas;"
O nome do livro já diz. Mas o mais interessante é que aprendemos mais sobre nós mesmos e como funcionamos na presença de outras pessoas. Minhas relações nunca mais foram as mesmas.
"
3,0 de 5 estrelas;"
É um bom livro, mas poderia ser mais sucinto. O autor conta muitos casos e às vezes se torna enfadonho e cansativo. No entanto aborda princípios importantes e práticos para melhorias na vida pessoal e profissional.
"
5,0 de 5 estrelas;"
Um livro que chama a atenção pela abordagem.. direta e objetiva. Uma leitura interessante, cheia de contos curtos que se mantem dentro do contexto durante todo o livro. Excelente livro e faz jus ao título de best seller. Imperdível.
"
5,0 de 5 estrelas;"
Sem dúvidas está entre os melhores livros da história. Se trata de técnicas práticas aplicáveis a múltiplas situações reais. Recomendo.
"
5,0 de 5 estrelas;"
Esse livro é maravilhoso, vocês vão amar, ele prende você e você aprende muita coisa boa, não é dinheiro jogado fora não, podem adquirir, vocês não vão se arrepender!
"
5,0 de 5 estrelas;"
Todos que queiram se relacionar melhor com pessoas (vendedores, líderes, pais, etc) devem ler esse livro. Nele você vai encontrar informações valiosas, acompanhadas de exemplos, para se relacionar melhor com sua família, amigos, clientes e etc.
"
4,0 de 5 estrelas;"
O livro tem bons conselhos, dá  boas dicas para aperfeiçoarmos nas relações interpessoais. Até a metade é bastante interessante, depois fica repetitivo e com muitos exemplos de menor importância.
"
4,0 de 5 estrelas;"




                    A mídia não pôde ser carregada.
                



 Chegou bem embalado, chegou rápido. Tudo certinho! Só fiquei chateada porque fiquei procurando meu livro nos vizinhos porque estava falando no aplicativo que já tinha sido entregue ontem e recebi só hj, mais fora isso tudo ok
"
5,0 de 5 estrelas;"
Apesar do título canastrão esse livro sem dúvidas nenhuma é  divisor de água. Descobri ele por acaso e me considero com sorte. É um livro de cabeceira para meus novos projetos
"
4,0 de 5 estrelas;"
O livro apresenta excelentes conceitos que, se seguidos, podem aumentar muito sua capacidade de sucesso. Mas estes conceitos são apresentados de forma repetitiva com profusão remexemo-nos similares.Mesmo assim, excelente livro
"
5,0 de 5 estrelas;"
Este item depende de um prazo maior para dar uma melhor opinião, mas já indico pois gostei muito até onde li. Ótima escrita e muito fácil de entendimento. Foi uma recomendação de leitura e eu estou gostando muito.
"
5,0 de 5 estrelas;"
Sensacional o conteúdo deste livro. O autor é um profundo conhecedor da mente humana. Aqui sim tem muitos ensinamentos genuínos sobre o comportamento humano. Esse livro caí bem para todos que queiram se tornar pessoas melhores, que queiram evoluir nas relações sociais, profissionais, familiar.
"
4,0 de 5 estrelas;"
Os ensinamentos do autor servem em qualquer tempo e para qualquer pessoa, tanto pessoal como profissional. É um livro para ser lido com calma e poucos capítulos por vez para que se possa refletir sobre o que foi dito, senão se torna um pouco cansativo.
"
5,0 de 5 estrelas;"
Ainda estou lendo porém, cheguei a conclusão que nunca é tarde para revermos nossos conceitos. Cada vez mais com o passar do tempo, vamos perceber que lidar com pessoas será/é primordial (mesmo que você não seja um líder). Manter bons relacionamentos é importante em todos os aspectos da nossa vida.
"
2,0 de 5 estrelas;"
O livro até tem dicas interessantes para o dia a dia, porém os exemplos estão totalmente ultrapassados para o mundo atual, onde não existem mais cartas e telegramas.Poderia ser resumido em um livreto, ou em alguns posts.
"
5,0 de 5 estrelas;"
Livro fantástico. Ainda que escrito na primeira metade do século XX, traz conceitos muito atuais para nossos tempos. Pode ser tranquilamente usado como manual de relações interpessoais, seja em negócios, seja em qualquer outra área da vida.
"
5,0 de 5 estrelas;"
Esse livro é um divisor de águas, é aquele que você desejaria que todos lessem e aquele que você desejaria ter lido há muito tempo. É simplesmente maravilhoso, recomendo muito essa leitura.
"
5,0 de 5 estrelas;"
Nunca foi tão necessária a leitura desse livro. É útil para as relações de trabalho e negócios, amizades, casamento... o autor é claro em explicar os conceitos e descreve inumeras situações de pessoas que aplicaram e tiveram um resultado muito positivo. Todos deveriam ler!
"
5,0 de 5 estrelas;"
Dale Carnegie é um autor atemporal e acredito que Como fazer amigos e influenciar pessoas nunca irá ""envelhecer"".O livro é altamente recomendado para quem quer realmente melhor a forma de se relacionar com as pessoas e ser um líder, marido, pai, amigo melhor :)
"
5,0 de 5 estrelas;"
Com uma sintaxe simples, este livro nos mostra os pontos positivos do poder da escuta. Nunca foi tão enfático, que precisamos  ter empatia e escutar o próximo. Leitura para a vida toda!!!
"
4,0 de 5 estrelas;"
Os princípios trazidos são muito interessantes. As vezes o fato de tantas citações exemplificando atitudes de pessoas fica um pouco duvidoso, mas, no geral, o livro traz uma abordagem muito bacana.
"
5,0 de 5 estrelas;"
Este é,provavelmente,o livros mais valioso e mais bem escrito que já li. Ele nos ensina muitos princípios que ajudam a sermos pessoas melhores e bons líderes. Os ensinamentos sobre como lidar com as pessoas do jeito certo é muito valioso.
"
5,0 de 5 estrelas;"
Livro transformador. Muitos insights. Vale a apena a leitura. Um dos melhores que li.
"
5,0 de 5 estrelas;"
O livro é muito bom. Reúne várias histórias reais dos princípios sendo usados por várias personalidades e pelo próprio autor também. Tem uma ótima didática e o próprio autor te incentiva e dá conselhos de como tirar o melhor proveito do livro.
"
5,0 de 5 estrelas;"
Todos deveriam procurar entender um pouco mais sobre relacionamentos interpessoais, evitando inúmeros problemas e situações ruins. Acredito que esse livro é essencial para qualquer indivíduo.
"
5,0 de 5 estrelas;"
Concordo com todos que dizem que este livro deve ser o livro de cabeceira de todos. Ele é maravilhoso!O Dale foi magnífico ao escreve-lo. Tudo neste livro é aplicável. ( inclusive esta avaliação!)Podem confiar no que ele promete.
"
4,0 de 5 estrelas;"
Bom livro interessante fácil de ler .Excelente texto , fácil de ler , instrutivo, algumas partes repetitivas , no
"
5,0 de 5 estrelas;"
Dicas práticas, simples e muito humanas.Farei uma nova leitura para potencializar os insightsRecomendo para todos que precisam ter relações mais prósperas
"
5,0 de 5 estrelas;"
Sem palavras para esta obra! Incrível!Deveria ser leitura obrigatória em todos os cantos do mundo.Inicialmente, comprei e-book e fiquei tão fascinado, que tive de compra o físico para poder ter perto de mim.
"
5,0 de 5 estrelas;"
Não é um livro bobo. Possui dicas que realmente funcionam.
"
5,0 de 5 estrelas;"
Ainda não terminei o livro, mas só pelas primeiras páginas quando comecei a ler, já fiquei impressionada. Me pergunto porque não comecei a ler esse livro antes, que já está a tanto tempo aqui guardado. Leiam não irão se arrepender!
"
5,0 de 5 estrelas;"
Um clássico que nunca sai de moda. Livro essencial para formação de qualquer pessoa. Todo adolescente deveria ler no ensino médio. Pouparia muitos problemas futuros.
"
5,0 de 5 estrelas;"
Acho que este foi e será o livro mais importante que li e lerei na vida. Não achei que fosse ser o livro que foi. 👏🏻
"
5,0 de 5 estrelas;"
excelente leitura, reflexão e aprendizado! recomendo muito a leitura. perfeito no kindle!
"
5,0 de 5 estrelas;"
Li em uma semana, muito bom! Apesar de ser um livro muito antigo, é muito atual e várias regras lá, fazem mesmo a diferença
"
5,0 de 5 estrelas;"
As relações humanas estão, na minha opinião, entre as faculdades de maior importância para o desenvolvimento humano. E este livro, de uma maneira pratica e simples, consegue contribuir para o enriquecimento pessoal nessa área. Demais.
"
5,0 de 5 estrelas;"
Muito bom , recomendado para aqueles que querem ter um pouco de vantagem sobre a vida. Ajuda no dia a dia em casa e também no trabalho.
"
5,0 de 5 estrelas;"
Dicas muitos importantes sobre interagir e influenciar pessoas, porem o titulo nao e dos melhores, pelo menos as pessoas que me viam que este livro falaram. Fora isso, legal
"
5,0 de 5 estrelas;"
Ótimo livro. Um clássico. Não é o melhor livro que você lerá na vida, mas é uma leitura obrigatória. E releitura obrigatória também.
"
5,0 de 5 estrelas;"
Livro muito bom! Boas dicas recomendo. Sem falar que é um clássico de Auta ajuda...
"
5,0 de 5 estrelas;"
comecei a ler o livro , estou amando , um otimo livro ,super recomendo , sao varios anos de experiencia de um autor lançado em um livro , vale a pena comprar
"
5,0 de 5 estrelas;"
Comprei para meu filho ele gostou muito
"
5,0 de 5 estrelas;"
Vale a pena a leitura, já li três vezes
"
5,0 de 5 estrelas;"
Sensacional, principalmente para os dias atuais.
"
5,0 de 5 estrelas;"
Dale Carnegie é um gênio. Esse livro afetou muito positivamente minhas relações pessoais e de trabalho, simplesmente maravilhoso
"
5,0 de 5 estrelas;"
Eu gostei muito do livro. A forma como aborda cada assunto é muito simples de entender além de contar com exemplos o que também facilita muito a leitura.Super recomendo a leitura.
"
5,0 de 5 estrelas;"
Ajuda no crescimento interpessoal,  ajuda torna os relacionamentos mais saudáveis. O livro nos ajuda num momento em que as pessoas estão cada vez mais se comunicando por meios eletrônicos,  e assim resgatar a essência das relações interpessoais.
"
5,0 de 5 estrelas;"
Livro vai muito alem de boa comunicação. É um estilo de vida.
"
4,0 de 5 estrelas;"
Embora seja muito focado no mundo dos negócios, ainda é um excelente livro com ótimas lições para usar no dia de hoje. Recomendo a leitura é bem tranquila.
"
5,0 de 5 estrelas;"
Muito exemplo prático que facilita a absorção do conteúdo. As dicas e os resumos no final dos capítulos também são ótimo.
"
5,0 de 5 estrelas;"
É uma leitura lenta, porque te faz refletir a cada página que você lê e relê. Os ensinamentos desse livro são extremamente valiosos. Não tenho contras, daria certamente uma cópia do livro de presente a qualquer amigo.
"
5,0 de 5 estrelas;"
Boa Noite!O livro é excelente!Mas seria ótimo se quem já tem o livro pudesse ter uma versão digital gratuita.Tenho problema de visão, e ler no celular ou tablet é bem melhor.
"
3,0 de 5 estrelas;"
Nada de extraordinário
"
5,0 de 5 estrelas;"
Um livro maravilhoso que vale a pena ler e reler . Testemunhos de superação rumo a jornada da evolução diária no relacionamento humano.
"
5,0 de 5 estrelas;"
É um manual de como fazer amigos e influenciar pessoas.É aquele livro que quando vc lê, se pergunta como não tinha lido antes.Cumpre com o que diz.Linguagem de fácil entendimento
"
5,0 de 5 estrelas;"
Leitura obrigatória para todo mundo que queira viver melhor em sociedade, ajuda em todos os relacionamentos. Uma obra prima!
"
5,0 de 5 estrelas;"
Um livro excelente que possibilita assimilar muito bem seu conteúdo com leitura simples, e que realmente possibilita aspectos para mudanças comportamentais.
"
5,0 de 5 estrelas;"
Livro excelente, com uma didática impressionante.Será de grande valia para o dia a dia de qualquer pessoa.Boa leitura.
"
5,0 de 5 estrelas;"
O livro contém princípios sobre o relacionamento humano que apesar de parecerem simples e modestos, mas são sinceramente essenciais para mantermos boas relações com todos.
"
3,0 de 5 estrelas;"
Entrega dentro do prazo. Produto conforme anunciado.
"
5,0 de 5 estrelas;"
Livro fantástico, deve ser sempre revisitado para tirar dele todo o ensinamento possível.Muda o pensamento e como nos relacionamos com os outros.
"
5,0 de 5 estrelas;"
Maravilhoso... leitura leve e gostosa.No primeiro dia você já se decide a mudar as atitudes porque o que lê faz sentido!Não é a toa que continua na lista de mais vendidos do mundo!
"
5,0 de 5 estrelas;"
Simplesmente um ótimo livro que todas as pessoas deveriam ler independente de sua área de atuação profissional ou classe social, fará bem e acrescentará muito valor na vida de qualquer pessoa.
"
5,0 de 5 estrelas;"
Fala algumas coisas óbvias, mas que precisam ser ditas. Um bom livro para introvertidos, assim como eu!
"
5,0 de 5 estrelas;"
Gostei muito desse livro, ele fala de coisas que até parecem óbvias, mas a gente acaba nao praticando. Recomendo.
"
5,0 de 5 estrelas;"
É uma obra prima que resume bem a obra de Dale Carnegie.
"
5,0 de 5 estrelas;"
O princípio do livro é muito atual é raro hoje: colocar o outro em evidência, tratar como gostaria de ser tratado e olhar sob a perspectiva do outro para ter boas relações. Livro bem escrito e de leitura fluida. Recomendo!
"
5,0 de 5 estrelas;"
O livro é muito interessante, se você gosta e tem interesse em desenvolvimento pessoal é o livro ideal. A única coisa que não gostei muito é que o livro dá muitos exemplos o livro todo, tirando isso o livro é incrível
"
5,0 de 5 estrelas;"
Vale cada centavo. Impossível terminar esse livro sem tirar nenhuma lição.
"
5,0 de 5 estrelas;"
O livro possui uma linguagem e modo de escrita que fazem não querer parar. O conteúdo é tão pertinente e atual que parece ter sido escrito esse ano. É um livro divisor de águas.
"
5,0 de 5 estrelas;"
Apesar de ser tão antigo, tudo que mostra se mantém firme até hoje.Com exemplos de pessoas reais que seguiram o que foi ensinado e colhendo bons frutos,  pessoais quanto  profissionais.
"
5,0 de 5 estrelas;"
A primeira vez que o li, a anos atrás, fez grande diferença na minha perspectiva sobre relacionar com as pessoas. É o melhor livro que já li
"
5,0 de 5 estrelas;"
Mais de 50 anos e continua sendo um dos melhores livros de como ser uma pessoa melhor. Você vai ser melhor com você e com os outros. Livro para ser relido várias e várias vezes. É livro de cabeceira!
"
5,0 de 5 estrelas;"
Livro excelente, mas uma coisa nunca se esqueça, nunca deixe de ser você mesmo! Nem sempre você precisa agradar todo mundo, ainda mais quando o outro não compactua com seus valores
"
5,0 de 5 estrelas;"
Amei o livro. Sem contar que  tudo o que eu compro no Amazon chegar sempre antes. Muito satisfeita com a Amazon. Obrigada!
"
5,0 de 5 estrelas;"
Muito bom. Fácil de ler e entender seu conteúdo. Muito útil para aprender ou aprimorar os relacionamentos pessoais e profissionais.
"
5,0 de 5 estrelas;"
Tenho lido a todo momento durante minha folga... Leitura que te estiga a não parar de ler e agregar conhecimento para a vida... Livro pra ler e reler sempre!
"
5,0 de 5 estrelas;"
Cómo fazer amigos e influenciar pessoas é um livro fantástico.As orientações do autor são excelentes.Eu super recomendo a leitura desse livro.
"
4,0 de 5 estrelas;"
Muito bom!O autor trabalha, numa linguagem simples, a forma de desenvolver e aprimorar as relações humanas!Vale a leitura.
"
5,0 de 5 estrelas;"
Recomendo este livro a todas as pessoas, afinal temo relações direta com pessoas diariamente.
"
5,0 de 5 estrelas;"
Livro que precisa ser lido por qualquer um que queira se relacionar melhor com as pessoas ao seu redor! Trás exemplos que, apesar de antigos, são bastante coerentes e explicam muito bem os conceitos!
"
5,0 de 5 estrelas;"
Livro repleto de lições práticas para lidarmos, compreendermos e exercermos maior influência nas pessoas que fazem parte do nosso círculo de relacionamento.
"
5,0 de 5 estrelas;"
Livro muito bom, realmente incrivel o conteúdo desse livro, serve tanto para as relações entre familia, amigos e até nos negócios. Recomendo muito!!
"
5,0 de 5 estrelas;"
Muito bom, o livro fala como devemos nos comunicar com as pessoas de forma, que não ofendendo as pessoas com palavras que não percebemos que pode magoar
"
5,0 de 5 estrelas;"
O material é ótimo e a impressão muito boa! Chegou intacto sem qualquer amassado ou problema. O conteúdo do livro é de excelente qualidade para quem gosta de livros do gênero.
"
5,0 de 5 estrelas;"
Livro sensacional, que não envelheceu com o tempo. Seus ensinamentos e exemplos são aplicáveis até hoje e continuarão a ser por muitos séculos.
"
5,0 de 5 estrelas;"
Sensacional, fantástico muito bom, super didatico, com exemplos autoexplicativo, prende a atenção faz querer ler mais e mais, bom mesmo.
"
1,0 de 5 estrelas;"
Não vou entrar na questão da qualidade do livro/do texto do autor. E sim da qualidade do produto entregue. Veio todo cheio de manchas e arranhões, me decepcionei bastante com o estado da capa do livro
"
5,0 de 5 estrelas;"
chegou a compra conforme eu tinha combinado e melhor que pensei?
"
5,0 de 5 estrelas;"
Livro bom
"
4,0 de 5 estrelas;"
O livro é fantástico claro, mas a versão que recebi parece muito antiga, não é versão atualizada. Mas só me atentei a isso depois que já tinha passado o prazo de devolução.
"
5,0 de 5 estrelas;"
Livro muito bom, recomendo
"
5,0 de 5 estrelas;"
Fantástico, indispensável para relações interpessoais.Estou comprando outros para dar de presente às pessoas que gosto, assim como procurando outros livros do mesmo autor.
"
5,0 de 5 estrelas;"
O livro é lindo meio emborrachado e chegou em perfeito estado.
"
5,0 de 5 estrelas;"
Um dos melhores livros que já li na minha vida. É aquele tipo que você sente a necessidade de ler e reler sempre. Mantém na mesa pra consultar sempre que precisa.
"
5,0 de 5 estrelas;"
Um conteúdo muito interessante sobre negociação, relações humanas. Indico muito! Deveria estar como livro básico para todos lerem! Livro atemporal .
"
5,0 de 5 estrelas;"
Essa leitura é recomensada à todos, leve, prática, objetiva, eficaz e atemporal. Se encaixa perfeitamente nas tratativas interpessoais, de qualquer pessoa que preze pela boa vida.
"
5,0 de 5 estrelas;"
Tanta coisa boa nele que fiquei perdida na leitura 📚 tudo de bom. Dou até 200 estrelas.
"
5,0 de 5 estrelas;"
Para uma boa comunicação, recomendo.
"
5,0 de 5 estrelas;"
Que livro! Vale muito a pena a leitura.Ele traz pontos que pode ser usado no dia-dia nas relações com pessoas e também super aplicável no trabalho, em negociações...
"
5,0 de 5 estrelas;"
Ótimo, pois o conhecimento que este livro passa muda as formas de pensar, agir  com as pessoas e com isso tornar/criar relacionamentos saudáveis com essas.
"
5,0 de 5 estrelas;"
Satisfação total e muito agradecido com o comprometimento da Amazon em suas entregas, fiz o pedido no dia 05/09 de madrugada, quando foi hoje a tarde 08/09 já entregaram, maravilhoso, super recomendo.
"
5,0 de 5 estrelas;"
Leitura obrigatória para quem deseja sucesso profissional e melhorias em todos os relacionamentos. Um dos melhores livros que já li.
"
5,0 de 5 estrelas;"
Livro muito bom e interessante, trás uns "" insights"" para a vida, de fato. Acredito que deveria ser como um paradidático nas escolas, ajudaria bastante no desenvolvimento pessoal.
"
5,0 de 5 estrelas;"




                    A mídia não pôde ser carregada.
                



 Ansiosa para ler, hegou em perfeito estado.
"
5,0 de 5 estrelas;"
Gosto de comprar na Amazon, sempre supera minhas espectativas na entrega, sempre bem embalados os produtos. Livro muito top e atual, apesar de ter sido lançado a muito tempo atrás.
"
5,0 de 5 estrelas;"
Eu mal iniciei a leitura e já estou adorando os exemplos e orientações dadas nesse livro. Eu sempre estou em meio a várias pessoas, principalmente estudantes, então com certeza irá potencializar minha boa relação com as pessoas.
"
5,0 de 5 estrelas;"
Livro que faz a gente rever as nossas ações e tentar melhorar como pessoa... simplesmente fantástico!!!
"
5,0 de 5 estrelas;"
Chegou antes da data prevista. Td certinho.
"
1,0 de 5 estrelas;"




                    A mídia não pôde ser carregada.
                



 Acabei de retirar o livro da embalagem e a surpresa foi o livro estar descolando. Fiz questão de comprar um novo para não ter esse tipo de problema. Decepcionada.
"
5,0 de 5 estrelas;"
Deveria ser obrigatório  ler esse livro! Fiz o curso do Dale também, e foram excepcionais para a minha carreira profissional.
"
5,0 de 5 estrelas;"
Simplesmente essencial para uma melhor comunicação e entendimento de como funciona o trato com as pessoas. Esse livro mudou minha vida.
"
5,0 de 5 estrelas;"
Todos deveriam ler esse livro pois te alavanca na carreira e faz você saber se comunicar com as outras pessoas de forma leve
"
5,0 de 5 estrelas;"
Modéstia parte, eu sou um ávido leitor. Nó entrando havia muito tempo que eu não esbarrava em um livro tão bom diante do que se propõe. Leitura obrigatória.
"
5,0 de 5 estrelas;"
Entregue em 3 dias, maravilhoso!!!!
"
5,0 de 5 estrelas;"
Fiquei simplesmente apaixonada por esse livro, nunca tinha visto algo parecido, traz com clareza como devemos tratar as pessoas para sermos amadas, recomendo a todos.
"
5,0 de 5 estrelas;"
O produto chegou no tempo estimado e em ótimo conservação, a minha nota é questão de tempo de entrega e cuidado com o produto, veio embalado e lacrado, excelente.
"
5,0 de 5 estrelas;"
O único problema e que tem muitos exemplos.Mais e ótimo,já aprendi muito lendo apenas 10 páginas.
"
5,0 de 5 estrelas;"
Sem comentários.
"
5,0 de 5 estrelas;"
Bem embalado, perfeito estado e entrega hiper rápida !
"
5,0 de 5 estrelas;"
Gostei muito das lições ensinadas no livro, realmente muito inspirador para o dia a dia!!!!
"
5,0 de 5 estrelas;"
Livro com folhas bem cheirosas e capa bonita. Leitura maravilhosa para a vida toda.
"
5,0 de 5 estrelas;"
Se aplicados, os princípios do livro podem fazer muita diferença não só no trabalho, mas na vida pessoal tbm. Vale a pena ler.
"
4,0 de 5 estrelas;"
Uma boa leitura para relembrar o que já sabemos, mas não conseguimos muitas vezes adotar. Serve como reflexão e melhora de qualidade de vida. 😁
"
5,0 de 5 estrelas;"
Todos deveriam ler esse livro. Muito bom!
"
5,0 de 5 estrelas;"
Excelente!!! Estou fazendo o treinamento e realmente é impactante!!!Aprendemos a vivenciar com uma nova mentalidade e assim vivemos uma nova realidade!!!
"
5,0 de 5 estrelas;"
Um livro sensacional que muitas pessoas deveria ler e aplicar!! Mudou muito minha mentalidade.
"
5,0 de 5 estrelas;"
O produto veio intacto e sem amassados.
"
2,0 de 5 estrelas;"
O conteúdo do livro é ótimo, os ensinamentos são super úteis e atualizados. Porém a capa deixa a desejar. Além de ser fosca e mole, é feita de um material grudento e suja muito!
"
4,0 de 5 estrelas;"
Gostei bastante do livro, porém senti que ele é um pouco repetitivo da parte 3 para a 4.
"
4,0 de 5 estrelas;"
Um contexto bom sobre formas diferentes de abordagem pessoal e profissional. Vale a pena a leitura.
"
5,0 de 5 estrelas;"
Eu super recomendo esse livro! Ajuda muito, estou encantada com o autor e já li outro dele e vou ler mais.
"
5,0 de 5 estrelas;"
É realmente uma fonte inesgotável de dicas valiosas, com exemplos práticos, sobre como podemos nos relacionar melhor. Recomendo a compra, é útil por toda a vida!
"
5,0 de 5 estrelas;"
Em perfeitas condições, bem embalado e entrega rápida e dentro do prazo, adorei.
"
5,0 de 5 estrelas;"
Gostei muito deste livro. O mais interessante é que o autor vai argumentando sobre cada subtema e para fortificar sua argumentação, ele dar vários exemplos de acontecimentos reais.
"
5,0 de 5 estrelas;"
Estava muito ansiosa por essa chegada, e a pesar de não concluído , me apaixonei por cada página . Em breve comprei os semelhantes ⭐️⭐️⭐️⭐️⭐️.
"
5,0 de 5 estrelas;"
Dicas valiosíssimas sobre relações humanas. Apliquei alguns conceitos e o resultado foi imediato! Recomendo!
"
3,0 de 5 estrelas;"
Livro com conteúdo bom , mas exemplos muito antigos.
"
5,0 de 5 estrelas;"
Toda pessoa tem q ler este livro, nos faz ser melhores seres humanos.
"
5,0 de 5 estrelas;"




                    A mídia não pôde ser carregada.
                



 Gostei da qualidade do produto e da embalagem, principalmente.
"
4,0 de 5 estrelas;"
Bom.
"
5,0 de 5 estrelas;"
Melhor livro de autoajuda / desenvolvimento pessoal que já li. Simplesmente fantástico!
"
5,0 de 5 estrelas;"
Um guia definitivo de relações humanas, recomendo a todos, não é um livro para gerentes, CEO ou vendedor, é um livro para qualquer pessoa que deseje melhorar suas relações humanas.
"
5,0 de 5 estrelas;"
Livro de tamanho médio. Qualidade boa.
"
5,0 de 5 estrelas;"
Chegou como o esperado.
"
5,0 de 5 estrelas;"
Recomendo a Compra. Entrega na data Prevista. E uma excelente leitura, todos deveriam ler.
"
5,0 de 5 estrelas;"
Adorei!!! Chegou rápido, menos de 1 semana desde que fiz o pedido, literalmente chegou em dois dias e veio muito bem embalado!!!
"
5,0 de 5 estrelas;"
Gostei muito do livro...me deu vários insights de como mudar o tratamento com as pessoas mesmo em situações difíceis, delicadas ou sob pressão... recomendo.
"
5,0 de 5 estrelas;"
Conforme o anúncio..Sobre o envio, a entrega sensacional de sempre, chegando antes da data marcado para ser entregue
"
5,0 de 5 estrelas;"
Excelente livro! Conceitos aplicáveis a todas as áreas da vida. Leitura obrigatória para lideres. Recomendo muitíssimo.
"
5,0 de 5 estrelas;"
O produto foi entregue de maneira rápida,  exatamente conforme descrito pelo vendedor..Estou muito satisfeita
"
5,0 de 5 estrelas;"
O livro, de texto leve e de fácil entendimento, é melhor do que eu esperava. A maioria das lições são aplicáveis.
"
5,0 de 5 estrelas;"
Livro simplesmente espetacular. Talvez sirva mais para alguns que para outros, mas acredito que se todas as pessoas lessem as relações se tornariam muito mais fluidas, NO MINIMO.
"
5,0 de 5 estrelas;"
Um livro com princípios e ideias sensacionais que ensinam como lidar com as pessoas e o real sentido disso, que é usando a empatia.Simplesmente sensacional.
"
5,0 de 5 estrelas;"
Fez-me mudar o modo de debater e de vê as outras pessoas.
"
5,0 de 5 estrelas;"
Uma verdadeira obra prima. Livro atemporal com conselhos valiosíssimos.
"
5,0 de 5 estrelas;"
RECOMENDO
"
5,0 de 5 estrelas;"
Super indico, me ajudou a perceber quanto eu estava errando ao me relacionar com pessoas. Você vai aprender princípios fáceis de serem aplicados.
"
5,0 de 5 estrelas;"
É um livro fantástico, de leitura simples e muito rica. O autor nos dá dicas que colaboram para que tenhamos sucesso nos relacionamentos sociais na vida pessoal e profissional.
"
5,0 de 5 estrelas;"
Excelente
"
5,0 de 5 estrelas;"
São hábitos simples, q com um toque de percepção e dedicação a alguns tópicos podem mudar a forma como as pessoas te tratam ou podem tratar no futuro
"
5,0 de 5 estrelas;"
incrível
"
5,0 de 5 estrelas;"
Produto em excelente estado. Entrega super rápida! Feliz com a aquisição!
"
5,0 de 5 estrelas;"
Livro é maravilhoso, te faz refletir sobre várias coidas.
"
5,0 de 5 estrelas;"
Essa deveria ser uma leitura obrigatória para todos
"
5,0 de 5 estrelas;"
Um livro fundamental para os que procuram transcender os próprios conhecimentos, ensinando uma maneira de se conectar de forma adequada a outros indivíduos.
"
5,0 de 5 estrelas;"
Um dos melhores que já li. Não é a toa que foi recomendado por Buffett. Leitura bem fácil e agradável.
"
5,0 de 5 estrelas;"
Ótimo livro para reflexões de relações interpessoais, de forma prática levanta diversas atitudes simples a serem usadas por qualquer pessoa para melhorar suas relações.
"
5,0 de 5 estrelas;"
Ainda estou lendo o livro, porém apresenta uma didática muito boa e é lido facilmente.
"
5,0 de 5 estrelas;"
Produto chegou bem embalado. Começando a leitura ótimo 👍
"
4,0 de 5 estrelas;"
Muito bom aprendendo muito
"
5,0 de 5 estrelas;"
Muito bom
"
5,0 de 5 estrelas;"
Gostei muito das experiências práticas de diversas pessoas no livro que nos ajudam a ver como podemos aplicar cada ensinamento no nosso dia a dia.
"
5,0 de 5 estrelas;"
Muito bom o livro, ajuda bastante no desenvolvimento pessoal e profissional de todas as pessoas que tem vontade de aprender
"
5,0 de 5 estrelas;"
Ótimo para vendas
"
5,0 de 5 estrelas;"
Livro maravilhoso,deveria ser dado para cada ser humano ler quando criança,para quando atingir a idade adulta ter mais empatia no trato com as pessoas.
"
5,0 de 5 estrelas;"
Excelente livro. Recomendo.
"
5,0 de 5 estrelas;"
Livro muito bom, apesar de ter sido escrito na década de 1930, seus ensinamentos são muito úteis para os dias de hoje.
"
5,0 de 5 estrelas;"
Veio rápido e em perfeito estado, maravilhoso!
"
5,0 de 5 estrelas;"
A entrega mais rápida que já tive. Recebi no outro dia. Agora bora pra leitura. Li a amostra no Kindle e já adorei.
"
5,0 de 5 estrelas;"
chegou perfeito estado os livros.
"
4,0 de 5 estrelas;"
É bom, trás vários exemplos legais e de modo geral ensina bastante. Boa leitura de domingo. Tem que escrever mais 4 palavras.
"
5,0 de 5 estrelas;"
livro veio muito bem embalado, sem amassados, entrega muito rápida
"
5,0 de 5 estrelas;"
Entrega perfeita. Ok.
"
5,0 de 5 estrelas;"
Um dos melhores livros (se não o melhor) de relações pessoais.
"
5,0 de 5 estrelas;"
Livro bem fundamentado...
"
5,0 de 5 estrelas;"
Surpreso e satisfeito com a velocidade da entrega! O pagamento do produto foi confirmado ontem de manhã, e hoje já recebi ele. Veio em perfeito estado!
"
5,0 de 5 estrelas;"
Ainda estou na página 90, mas o livro já está me ajudando muito nas vendas.
"
5,0 de 5 estrelas;"
O produto é de ótima qualidadeO livro é maravilhoso mudou minha forma de pensar a respeito das outras pessoas, conteúdo indispensável
"
5,0 de 5 estrelas;"
Esse livro foi incrível, devorei em poucos dias. Indico muito pra todo mundo que quer ter relações mais conscientes, pessoais e profissionais.
"
5,0 de 5 estrelas;"
Livro bonito, filhas grossas, amarelas, letras grandes, muito bem editado
"
5,0 de 5 estrelas;"
Superr recomendado este livro Para todo tipo de publicoTe ajuda com auto estima e tem todos os requisitos necesarios
"
5,0 de 5 estrelas;"
Não tem como descrever a perfeição que é esse livro!
"
5,0 de 5 estrelas;"
É um livro que todos deveriam ler, independente de profissão, conhecimento, contatos etc... O livro é praticamente um manual da comunicação e bons modos.
"
5,0 de 5 estrelas;"
Muito bom 😊
"
5,0 de 5 estrelas;"
Bons conselhos de forma prática e fácil de entender
"
5,0 de 5 estrelas;"
Chegou antes do prazo. Li a primeira parte e já gostei muito. Recomendo pra todos
"
5,0 de 5 estrelas;"
Entrega excelente! Chegou em perfeito estado e antes do prazo.
"
5,0 de 5 estrelas;"
Muito bom
"
5,0 de 5 estrelas;"
Ótimo livro, leitura surpreendente e inspiradora, recomento!!!!!
"
5,0 de 5 estrelas;"
Várias dicas
"
5,0 de 5 estrelas;"
Produto muito bom, chegou bem conservado e protegido. MUITO RAPIDO. E vale muito a pena !
"
5,0 de 5 estrelas;"
Até minha filha de 14 anos leu e adorou!
"
5,0 de 5 estrelas;"
Maravilhoso o livro, chegou em perfeito estado, entrega super rápida
"
5,0 de 5 estrelas;"
Bom saber como certas coisas não mudam com o tempo.
"
5,0 de 5 estrelas;"
Livro mostra que o segredo da boa comunicação é ter empatia com os outros.
"
5,0 de 5 estrelas;"
Um manual para praticamente todas as situações, mais validas ainda pra quem trabalha com vendas.
"
5,0 de 5 estrelas;"
Chegou perfeitamente, bem embalado e tô doida pra iniciar a leitura.
"
5,0 de 5 estrelas;"
Livro ótimo, recomendo leitura.
"
5,0 de 5 estrelas;"
Produto bem embalado e folhas amarelinhas facilitando uma leitura não cansativa
"
1,0 de 5 estrelas;"
Produto veio danificado na ponta, ainda meio esverdeado, como se fossem fungos..
"
5,0 de 5 estrelas;"
Sua vida vai se transformar após ler este livro.
"
5,0 de 5 estrelas;"
Excelente livro para quem está precisando melhorar nas relações interpessoais! O autor faz através de exemplos você melhorar na forma como lidar com as pessoas
"
5,0 de 5 estrelas;"
Muito bom, excelente visão.
"
5,0 de 5 estrelas;"
Um ótimo livro tanto para se relacionar melhor quanto para melhorar o autoconhecimento.
"
5,0 de 5 estrelas;"
Fundamental para as relações interpessoais.
"
5,0 de 5 estrelas;"
Produto bem embalado e entregue corretamente.
"
5,0 de 5 estrelas;"
Ótimo livro
"
5,0 de 5 estrelas;"
exdcelnete
"
5,0 de 5 estrelas;"
Livro ótimo para aprender a lidar com as pessoas.
"
5,0 de 5 estrelas;"
O produto chegou bem embalado, antes do prazo, super recomendo.
"
5,0 de 5 estrelas;"
Melhor livro sobre relacionamento humano que existe.
"
5,0 de 5 estrelas;"
Realmente é um dos poucos livros que fazem a mudança no nosso jeito de pensarVale a pena o investimento!
"
5,0 de 5 estrelas;"
Gostei muito do livro.
"
5,0 de 5 estrelas;"
Todo mundo deveria ler.
"
3,0 de 5 estrelas;"
O Livro veio com uns amassos na capa.
"
5,0 de 5 estrelas;"
Há tempos queria e comprei por um preço ótimo.
"
5,0 de 5 estrelas;"
Parece uma simples livro de autoajuda, mas creio que TODO MUNDO deveria ler. É um pequeno manual básico de como agir em sociedade.
"
5,0 de 5 estrelas;"
Um livro impar... Imprescindível para quem trabalha e lidera equipes... Em 2030... Este livro continuará sendo atual!! Recomendo a leitura e releitura!!!
"
5,0 de 5 estrelas;"
Muito bem embalado.
"
4,0 de 5 estrelas;"
Ótimo livro
"
5,0 de 5 estrelas;"
Um dos melhores livros que já li, sem dúvidas!! E a entrega dentro do prazo.
"
4,0 de 5 estrelas;"
Passou um pouco do prazo de entrega, mas isto já foi erro meu. Não tenho oq comentar do conteúdo do livro.
"
5,0 de 5 estrelas;"
O livro nos estrutura e nos da exemplos claros daquilo que Jesus nos ensinou quando veio ao mundo.. simples assim.
"
5,0 de 5 estrelas;"
Muito bom!
"
5,0 de 5 estrelas;"
O livro chegou na data prevista para a entrega, chegou em bom estado e bem lacrado.
"
3,0 de 5 estrelas;"
Um ritual de boas práticas educacionais!Vai variar do seu perfil e do seu temperamento! Mas vale o aprendizado.
"
3,0 de 5 estrelas;"
O livro é muito bom, mas chegou bastante amassado.
"
5,0 de 5 estrelas;"
Muito maravilhoso, melhor livro que já li na minha vida, já tinha escutado muito sobre ele e superou minhas expectativas!!
"
5,0 de 5 estrelas;"
Excelente sem comentários
"
5,0 de 5 estrelas;"
Título do livro pode até enganar, a leitura vai bem mais além ao que o título de propõe. Ótima leitura.
"
5,0 de 5 estrelas;"
Adorei o livro, vale muito a leitura.
"
5,0 de 5 estrelas;"
Esse livro é embaçado em...Super recomendo pra quem tem dificuldades de se relacionar com as pessoas.
"
5,0 de 5 estrelas;"
Ótimo livro
"
5,0 de 5 estrelas;"
O livro foi me recomendado é realmente muito bom
"
5,0 de 5 estrelas;"
Livro nota 10, transformador, recomendo
"
5,0 de 5 estrelas;"
Todo mundo deveria ler esse livro!
"
5,0 de 5 estrelas;"
Estou com 47 anos, gostaria te ter lido este livro pela primeira vez há uns trinta anos atrás... Mas, nunca é tarde para começar. 😊
"
5,0 de 5 estrelas;"
Livro indispensável para quem deseja lidar com pessoas. Chego novinho sem nenhum amassado.
"
5,0 de 5 estrelas;"
É um excelente livro!
"
5,0 de 5 estrelas;"
Estou aprendendo muito!
"
5,0 de 5 estrelas;"
Ótima leitura, livro muito bom
"
5,0 de 5 estrelas;"
Livros excelente com dicas que realmente fazem a diferença!
"
5,0 de 5 estrelas;"
Com certeza é muito obrigatório
"
5,0 de 5 estrelas;"
Leitura maravilhosa, entrega rápida!
"
5,0 de 5 estrelas;"
Ok
"
5,0 de 5 estrelas;"
Incrível, entrega no dia seguinte.
"
5,0 de 5 estrelas;"
Ótimo Produto , chegou muito rápido e o livro é muito top !
"
5,0 de 5 estrelas;"
Sensacional, é melhor livro que já li
"
5,0 de 5 estrelas;"
O LIVRO foi indicado e amei
"
5,0 de 5 estrelas;"
=)
"
5,0 de 5 estrelas;"
O livro possui uma linguagem clara, objetiva com muitos exemplos aplicados, o que torna ainda mais real.
"
5,0 de 5 estrelas;"
Ensinamentos atemporais que todos deveriam ler. Me arrependo de não ter lido antes. Recomendo!
"
5,0 de 5 estrelas;"
Livro muito interessante, que ajuda demais nas relações interpessoais. Recomendo bastante.
"
5,0 de 5 estrelas;"
Muito bom
"
5,0 de 5 estrelas;
5,0 de 5 estrelas;"
Livro excelente e necessário parar TODOS. Todo mundo deveria ler!
"
5,0 de 5 estrelas;"
Gostei muito!
"
5,0 de 5 estrelas;"
Livro maravilhoso! Super indico!
"
5,0 de 5 estrelas;"
Ótimo livro!
"
5,0 de 5 estrelas;"
Muito bom!
"
5,0 de 5 estrelas;"
Livro muda sua percepção do mundo!
"
5,0 de 5 estrelas;"
Ótimo livro
"
5,0 de 5 estrelas;"
Livro excelente que traz ensinamentos para a vida. Ler e reler
"
5,0 de 5 estrelas;"
Perfeito, apenas leiam e pratiquem o que está escrito.
"
5,0 de 5 estrelas;
5,0 de 5 estrelas;
5,0 de 5 estrelas;"
Chegou no dia certinho e muito bem embalado
"
5,0 de 5 estrelas;"
O livro é mto bom
"
4,0 de 5 estrelas;"
Livro fácil de ler e fundamentos necessários para um bom relacionamento.
"
5,0 de 5 estrelas;"
Este livro é uma importante fonte de conhecimento!
"
5,0 de 5 estrelas;"
Muito bom bem embalado os produtos.
"
5,0 de 5 estrelas;"
Entrega muito rápida, 100% satisfeito!
"
5,0 de 5 estrelas;"
Ótimo, melhor impossível, chegou antes do prazo esperado 🤩🤩🤩
"
5,0 de 5 estrelas;"
Produto chegou perfeito
"
5,0 de 5 estrelas;"
Excelente livro!!!Recomendo muito.
"
5,0 de 5 estrelas;"
Eu amei! Muitas pessoas me indicaram ele.
"
5,0 de 5 estrelas;
5,0 de 5 estrelas;"
Ainda não iniciei a leitura.Mas foi muito indicada por quem já leu.
"
5,0 de 5 estrelas;
5,0 de 5 estrelas;"
Livro curto e ótimo de ler
"
5,0 de 5 estrelas;"
Um dos melhores livros que já li na vida, apliquei as lições e elas funcionaram automaticamente
"
5,0 de 5 estrelas;"
Livro de Excelência!
"
5,0 de 5 estrelas;"
Livro excelente. Relendo.
"
5,0 de 5 estrelas;"
adorei o livro é de fácil intendimento, muitos exemplos práticos e atuais indico a todos
"
5,0 de 5 estrelas;"
muito bom
"
5,0 de 5 estrelas;"
Melhor livro do mundo .
"
5,0 de 5 estrelas;"
Chegou em perfeito estado e muito rápido... excelente leitura
"
4,0 de 5 estrelas;"
Muito bom!
"
3,0 de 5 estrelas;"
Livro maravilhoso, linguagem direta e o conteúdo é sensacional 👏🏼👏🏼
"
5,0 de 5 estrelas;"
entrega rapida/melhor preço
"
5,0 de 5 estrelas;"
vou comprar mais
"
5,0 de 5 estrelas;"
Chegou bem antes do prazo ^^
"
5,0 de 5 estrelas;"
Amei , chegou perfeito e muito rápido
"
5,0 de 5 estrelas;"
Livro sensacional
"
5,0 de 5 estrelas;"
Muito bom Livro!
"
5,0 de 5 estrelas;"
Muito bom!
"
5,0 de 5 estrelas;"
Recomendo
"
5,0 de 5 estrelas;"
Livro de fácil compreendimento!
"
5,0 de 5 estrelas;"
Um dos melhores livros que já li!
"
5,0 de 5 estrelas;"
O livro veio em ótimo estado!!
"
5,0 de 5 estrelas;"
Livro útil em qualquer época.
"
5,0 de 5 estrelas;"
Muito bom, veio bem embalado e chegou rapidamente.
"
5,0 de 5 estrelas;"
Gostei
"
5,0 de 5 estrelas;"
Amando a leitura.
"
5,0 de 5 estrelas;"
Amei o livro♥️
"
5,0 de 5 estrelas;"
Rápida entrega e lindo livro
"
5,0 de 5 estrelas;"
Ótimo
"
5,0 de 5 estrelas;"
Amei o livro super recomendo, aproventem
"
5,0 de 5 estrelas;"
Livro chegou em ótimas condições.
"
5,0 de 5 estrelas;"
Produto muito bom!!
"
5,0 de 5 estrelas;"
Ótimo livro, chegou rápido na minha casa. Obrigado Amazon
"
5,0 de 5 estrelas;"
Ótimo livro
"
4,0 de 5 estrelas;"
Excelente conteúdo com bons exemplos a serem aplicados
"
1,0 de 5 estrelas;
5,0 de 5 estrelas;"
ansiosa para ler
"
5,0 de 5 estrelas;"
Ótimo produto
"
5,0 de 5 estrelas;"
Realmente, faz o que promete fazer.
"
5,0 de 5 estrelas;"
Excelente livro !
"
5,0 de 5 estrelas;"
EXELENTE
"
5,0 de 5 estrelas;"
Maravilhoso.
"
5,0 de 5 estrelas;"
Muito Bom!!
"
4,0 de 5 estrelas;"
Bom
"
5,0 de 5 estrelas;"
O universo é composto de 84,5% de matéria escura, uma forma de matéria que temos muita dificuldade de detectar — apesar de seu significativo impacto na realidade. ""Como fazer amigos e influenciar pessoas"" é um destes livros que é como matéria escura do pensamento contemporâneo.Não o vemos ganhando destaque em círculos intelectuais na academia ou sendo aclamado como queridinho pelas estrelas da cultura pop. Pelo contrário: é comum ler críticas menosprezando-o como bobagem de autoajuda. Apesar desta reputação, o livro é onipresente. É difícil não encontrá-lo em posições de destaque em livrarias de rodoviárias, aeroportos ou shoppings. Onde quer que se vá, lá está Dale Carnegie. O que há de tão especial aqui?A promessa do livro é que a maior parte do sucesso não está na técnica e sim em como relacionar-se com outros seres humanos. Para isso, apresenta regras que separo livremente em 3 seções:1. Como tornar-se uma pessoa mais amigável2. Como conversar demonstrando respeito pelas outras pessoas3. Como incentivar mudanças de atitude e comportamento (liderança)A primeira parte possui um ar filosófico-religioso, nos convidando a abandonar o hábito da queixa, crítica e condenação dos demais — costume que já era popular muito antes do tempo do autor e permanece até hoje (E por que reparas tu no argueiro que está no olho do teu irmão, e não vês a trave que está no teu olho? Mateus 7:3; Não se queixe da neve no telhado da casa do seu vizinho, quando a soleira da sua porta não está limpa. Confúcio).A segunda parte é sobre empatia. O incentivo é para demonstrar respeito à pessoa com quem se fala, levando em consideração seus sentimentos ao invés de somente falar o que desejamos. Isso significa tanto regras que são exemplos de bom senso como ""Procure honestamente ver as coisas do ponto de vista da outra pessoa"" quanto pontos não tão óbvios como ""A única maneira de ganhar uma discussão é evitá-la"".Por último, o livro apresenta conselhos sobre como um líder deve se comunicar para melhorar o comportamento da sua equipe. Assim como na segunda parte, o foco está em como comunicar-se com respeito ao outro — especialmente ao efetuar uma correção necessária (""Fale sobre os seus erros antes de criticar os de outra pessoa"").Do ponto de vista de estilo, o livro traz muitos exemplos antigos de como aplicar as regras (como cartas muito formais, impensáveis nos anos 2020) que são um charme à parte, datando a obra de uma maneira delicada e reforçando a sua identidade. Além disso, também possui histórias que despertam os sentimentos mais nobres em nós, sendo uma leitura inspiradora — daquelas que dão vontade de iniciar mudanças na vida imediatamente.""Como fazer amigos e influenciar pessoas"" é um livro de quase 100 anos de idade e que permanece atual, merecendo seu lugar de destaque (junto com Napoleon Hill) no panteão de autoajuda e desenvolvimento pessoal. Li este livro depois de ter passado por muitos outros autores contemporâneos de autoajuda e compreendi que muitas das ideias que vemos no setor na verdade são modificações / derivações / atualizações do que já foi falado aqui.Recomendado para quem busca desenvolver-se como ser humano e quer se tocado pelo espírito criador do século XX.
"
5,0 de 5 estrelas;"
Desde criança sempre ouvi falar sobre esse livro, todos falavam que era um ótimo livro, que realmente fazia diferença na vida das pessoas que o liam e realmente utilizavam-se dos conselhos descritos nele. Porém sempre tive um pé atrás com o livro, é aquele velho ditado: ""Nunca julgue um livro pela capa"" entretanto era o que eu fazia com esse. Só agora em 2020, em plena quarentena, resolvi comprar esse livro, comecei a ler a achei tão interessante e envolvente que li em apenas uma noite e uma manhã. E mesmo sendo lançado em meados de 1938 essa obra ainda é MUITO atual, revelando que as interações humanas não se modificam com o passar do tempo, tanto é que se você ler o livro e interpreta-lo no contexto atual, você terá a impressão que ele foi escrito recentemente. Portanto, se a pessoa comprar no intuito de ter uma relação interpessoal melhor, é certeza que irá conseguir, desde que utiliza-se dos princípios nele descrito. A parte inicial dos 6 primeiros princípios em relação a amizade são coisas tão comuns que você já até imagina mas talvez nunca tenha dado total importância a isso, e ao ler você nota que realmente são coisas que fazem a total diferença, basta ler e interpretar como se alguém estivesse fazendo esses princípios com você. Se após a leitura, você realizar ao menos 50% dos princípios, pode ter certeza que sua vida em relação a amizades irá melhorar e muito. Não é à toa que esse livro, mesmo após mais de 80 anos do lançamento, ainda seja um dos mais vendidos do mundo. O único arrependimento que eu tenho é de ter lido antes, quando eu era bem mais novo.
"
3,0 de 5 estrelas;"
Adquiri esse livro por pura curiosidade pois ao entrar em qualquer livraria essa é a prima obra que chega aos olhos de quem está entrando, estando sempre nas primeiras prateleiras e vidrarias. Por conseguinte, realizei a leitura de parte da obra. Os pontos principais se resumem em ""ser bom"", ""ser tolerante"", ""estar realmente interessado no que o outro tem a falar"" e ""ser tolerante"". Desse modo, não julgo quem acha esse livro um divisor de águas, mas para qualquer indivíduo minimamente politizado, é simples perca de tempo, além de estar totalmente desatualizado. Para curiosos de plantão que vivem em cavernas no século XXI, talvez possa valer a pena, mas para demais indivíduos, duvido da necessidade dessa leitura.
"
5,0 de 5 estrelas;"
Uma obra prima realmente, que trata da principal atribuição social que o ser humano deve ter, na minha opinião: a empatia. Aliás, os melhores livros de negócios são, em realidade, livros sobre pessoas, sobre escutá-las de verdade para entendê-las profundamente, aumentando sua percepção sobre elas e ao mesmo tempo sobre você mesmo; é também sobre procurar acordos dadas as várias nuances que o ser humano vai apresentando ao longo da vida e entender isso é crucial para melhorarmos o relacionamento. E aí avançamos como ser humano.
"
5,0 de 5 estrelas;"
Sempre fico com um pé atrás quando o assunto são livros de autoajuda. No entanto, ""Como Fazer Amigos e Influenciar Pessoas"" acabou superando minhas expectativas.Como é um livro com diversos capítulos e subcapítulos, fica fácil se organizar para lê-lo. Não é uma leitura difícil, porém é recomendado que a realize mais de uma vez, dado que são abordados diversos tópicos em uma quantidade de páginas relativamente pequena.Indo direto ao ponto, caso deseje aperfeiçoar seu modo de lidar com as pessoas, sejam elas filhos, pais, empregados, chefes, etc. Esse é o livro para você!
"
1,0 de 5 estrelas;"
Tô lutando pra terminar esse livro... muito cansativo, repetitivo demais! Falto 15pg e tudo que deu pra absorver de bom foi 1%... esperava muito mais... Se você não comprou, não recomendo! Muito clichê😪
"
3,0 de 5 estrelas;"
Seu conteúdo inicial e muito didático e bem atual, prende a atenção do leitor, porém a medida que vai se prosseguindo aos capítulos seguintes, o tema começa a ser repetitivo, e logo nos brasileiros notaremos que o autor narra estratégias que são muito mais aplicáveis ao tipo de comportamento americano, e então, o conteúdo fica desinteressante. Esperava mais deste livro, mais do mesmo!
"
5,0 de 5 estrelas;"
O livro é uma aula demonstrativa de aplicar empatia e boas maneiras. Recomendado. Sucesso centenário.
"
5,0 de 5 estrelas;"
Sem dúvida um dos melhores livros que já li na vida. Para quem acredita que com um titulo desse, o livro irá tratar de manipulação e falsidade nas relações humanas, muito pelo contrário. Trata-se de um livro que foca em como você sendo verdadeiro e se colocando nos lugar das outras pessoas, pode evoluir em diversos aspectos da vida.
"
2,0 de 5 estrelas;"
Esse livro poderia ter 20 páginas. O que a autora fala é interessante, mas todo capitulo é igual, exemplos e mais exemplos iguais, teve capítulos que pulei inteiro porque já sabia o que ia ser dito. Recomendo pra quem tem paciência de ler a mesma coisa por 250 páginas.
"
5,0 de 5 estrelas;"
Um livro para nos tornarmos pessoas melhores, trazer à tona o olhar para o outro e tirar o que há de melhor nele.  Vai fazer você deixar de usar as técnicas de relacionamento e sentir a essência e a importância de, através da técnica, ter a oportunidade de ser e de fazer uma pessoa melhor.
"
4,0 de 5 estrelas;"
É um bom livro, mas nada de surpreendente. Ensina sim algumas técnicas para ter um bom relacionamento social, mas acaba sendo enjoativo com tanto de exemplos que o autor aplica.
"
5,0 de 5 estrelas;"
Boa noiteGostaria primeiramente em  agradecer o escritor deste livro Dale Carnegie , esse livro é uma obra prima muito bom. Fácil de ler leve , bem escrito com bons exemplos.Sensacional...
"
5,0 de 5 estrelas;"
Sinceramente foi o livro que mudou completamente minha vida. Dale é diferenciado de todos do genero de desenvolvimento pessoal. Comprem sem medo.
"
5,0 de 5 estrelas;"
Comprei para presentear meu namorado, o livro veio em perfeito estado, ele amou e a embalagem de presente veio perfeita e a entrega foi super rápida
"
5,0 de 5 estrelas;"
Parabéns pela entrega chegou antes da data prevista. Quanto ao livro dispensa comentários. Excelente obra temuma abordagem excepcional de como construir ou manter relacionamento  ativo no campo social profissional ou familiar ...
"
5,0 de 5 estrelas;"
Dei de presente pra minha irmã, ela amou!
"
4,0 de 5 estrelas;"
Produto muito bom porém me decepcionei com a embalagem... comprei 2 produtos e pedi duas embalagens de presente... foi enviado tudo na mesma embalagem.
"
5,0 de 5 estrelas;"
É Livro indispensável para empreendedores, vendedores e líderes
"
1,0 de 5 estrelas;"
Eu esperava mais por esse livroPor sem um exemplar com milhares vendidos.Não gostei, e  não indico.
"
5,0 de 5 estrelas;"
Um dos melhores livros que já li ! Me abriu os olhos para detalhes e coisas que eu jamais reparei ! É muito enriquecedor e transformador, toda pessoa deveria lê-lo !
"
5,0 de 5 estrelas;"
Leitura fluida com informações bem uteis e embasadas. Recomendo.
"
5,0 de 5 estrelas;"
Estou dando 5 estrelas, pois esse livro contém várias dicas de como se sair bem de qualquer situação que envolva o diálogo. Pra mim, ele é a a Bíblia das relações interpessoais.
"
5,0 de 5 estrelas;"
Sem palavras, queria ter lido este livro a uns 10 anos atrás, muito enriquecedor!
"
5,0 de 5 estrelas;"
Chegou embalado corretamente e todo lacrado. Veio impecável
"
5,0 de 5 estrelas;"
Livro muito bom mesmo.
"
5,0 de 5 estrelas;"
Muito bom
"
5,0 de 5 estrelas;"
Leitura de fácil entendimento
"
5,0 de 5 estrelas;"
Produto chegou antes do prazo e com perfeita qualidade!
"
5,0 de 5 estrelas;"
Te faz abrir a mente e pensar primeiramente no próximo ao invés de pensar em si mesmo.
"
5,0 de 5 estrelas;"
Chegou rápido, ainda estou no começo do livro, mais está me surpreendendo
"
5,0 de 5 estrelas;"
Bom
"
5,0 de 5 estrelas;"
Livro realmente surpreendente, superou é muito minhas expectativas!
"
1,0 de 5 estrelas;"
Alguém me ajudaaaaa
"
5,0 de 5 estrelas;"
Esse livro é um manual de comunicação assertiva. Melhor livro que já li sobre o tema. Recomendo.
"
5,0 de 5 estrelas;"
Melhor livro que já li. Mudou minha vida completamente. 👏🏻👏🏻👏🏻
"
5,0 de 5 estrelas;"
Muito bom chegou antes do prazoPerfeito
"
5,0 de 5 estrelas;"
Excelente produto.
"
5,0 de 5 estrelas;"
Ótimo livro
"
5,0 de 5 estrelas;"
Entrega e Livro excelentes!
"
5,0 de 5 estrelas;"
Adorei a proposta do livro e os ensinamentos diários dele. Utilizo como um guia para ser uma pessoa melhor.
"
5,0 de 5 estrelas;"
Apesar de o ego nem sempre deixar os ensinamentos do livro serem aplicados, livro cheio de conteúdo muito bom. Algumas coisas podem parecer lógicas mas tem coisa lógica que é bom a gente ler para ter mais peso. Um livro que deveria ser obrigatório para criarmos uma sociedade pelo menos mais agradável de se viver.
"
5,0 de 5 estrelas;"
Livro que nos faz refletir sobre como estamos nos nossos relacionamentos pessoais e profissionais!!!Muito booom, acredito que todos devem ler!
"
5,0 de 5 estrelas;"
Excelente
"
5,0 de 5 estrelas;
5,0 de 5 estrelas;"
Very good!!
"
